#1-CAP [MW]  	2-DIST [KM]  	3-TOTAL [ME] 	4-CAPEX [ME] 	5-LOSSES [ME]	6-Q [ME]     	7-CM [ME]    	8-EENS [ME]  	9-CBL1 [#]   	10-CBL1 [kV] 	11-CBL1 [MM] 	12-CBL1 [MW] 	
2000.0       	250.0        	2831.45364   	2568.75      	125.357824   	85.8035555   	3.3377481    	48.2045086   	15.0         	132.0        	630.0        	120.52284    	